wavelength,intensities
177.47078000000005,2421.2230049026934
177.85782629844613,2408.611953770396
178.24483526696974,2397.5847129662743
178.6318068953475,2387.1575603631013
179.01874117335726,2376.9929405556954
179.4056380907759,2539.3352700377627
179.79249763738065,1304.631732580286
180.179319802949,-94.24451776387554
180.566104577258,-85.35648981443639
180.9528519500849,-73.26730589439398
181.33956191120694,-59.8435330558283
181.72623445040142,-43.04709352517948
182.1128695574454,-24.628196029985908
182.4994672221165,-4.0383430561697455
182.88602743419176,17.9661414745677
183.27255018344835,38.97019739268788
183.65903545966341,60.231053128026616
184.04548325261442,81.38208372413501
184.43189355207866,101.36018838998973
184.81826634783317,120.07011107381084
185.20460162965526,139.92318271658857
185.5908993873221,160.3099948773143
185.9771596106111,179.16491726476175
186.36338228929935,196.19776356899004
186.74956741316416,212.26364304939852
187.13571497198288,229.97123235258522
187.5218249555324,247.38229985166578
187.90789735359033,262.9378678941589
188.29393215593385,278.0054675563225
188.67992935234,293.46691472452943
189.06588893258632,306.69321601271815
189.45181088644983,317.23497362608936
189.83769520370777,328.55082966402995
190.22354187413742,338.6334762824979
190.609350887516,347.5886015950518
190.99512223362083,354.60130635377624
191.38085590222911,358.7675954072909
191.76655188311813,362.78368814156886
192.15221016606495,365.83698234134357
192.53783074084717,367.3599177322981
192.92341359724153,369.53257947759556
193.3089587250257,371.42131136263714
193.69446611397686,371.27230598991406
194.07993575387206,372.5126703394473
194.46536763448864,373.4903729681152
194.8507617456038,372.72064606494797
195.23611807699487,372.3926798519801
195.621436618439,372.0651348538429
196.00671735971352,371.2445075660399
196.39196029059565,370.3262591777483
196.77716540086251,369.6391774500527
197.16233268029148,368.6985261929564
197.54746211865987,367.00357435638824
197.93255370574468,363.5164686116154
198.31760743132327,360.530033231936
198.70262328517305,358.08123702562125
199.08760125707101,355.7217342137463
199.4725413367945,353.48170853735263
199.85744351412075,351.28643118763415
200.242307778827,350.35366667872285
200.62713412069033,348.77159071239475
201.01192252948837,347.8164087185066
201.396672994998,346.7936633019615
201.7813855069967,345.5390270341484
202.1660600552615,343.71712468503125
202.55069662956984,343.067085694011
202.93529521969901,343.3503868426542
203.31985581542588,343.29837152908965
203.70437840652804,343.49252298438864
204.08886298278242,341.7671710238654
204.4733095339666,340.444815307286
204.8577180498578,339.7497412309135
205.24208852023312,338.47977472613167
205.6264209348696,336.8964369394646
206.0107152835448,336.35875928069936
206.39497155603604,335.2460808513739
206.77918974212017,333.6477570397519
207.16336983157458,331.0258002928897
207.54751181417674,330.0322769541341
207.93161567970364,331.67525460880915
208.3156814179328,330.46538514303626
208.69970901864107,328.50150245458826
209.08369847160606,328.48715813699533
209.46764976660467,329.8021874726643
209.85156289341458,330.8479159377401
210.23543784181257,332.04283195129403
210.6192746015759,332.99878622286775
211.00307316248237,334.2687839790506
211.38683351430845,334.19449010679693
211.77055564683215,332.69348764375485
212.15423954983004,333.95599998759263
212.53788521307985,335.72582471151446
212.92149262635854,336.8308658072705
213.3050617794434,336.98770892219886
213.68859266211174,337.2190721253053
214.07208526414078,337.83924331201337
214.4555395753078,338.2356893237169
214.83895558539,340.1251629685467
215.22233328416456,342.12611388476813
215.60567266140885,343.2235986752755
215.98897370690005,344.1644669540481
216.37223641041518,343.3733952695104
216.755460761732,342.4999078001171
217.13864675062717,343.0968474124428
217.52179436687842,344.0971128033302
217.90490360026257,345.79916773486093
218.2879744405572,346.3583490844032
218.67100687753933,346.19348471810747
219.0540009009864,345.77526908206096
219.43695650067554,346.65618166719014
219.8198736663839,348.89570618132257
220.20275238788878,351.81470528591836
220.58559265496757,354.0768423713971
220.9683944573973,355.324049955427
221.35115778495543,356.15346424132736
221.733882627419,356.2436772363917
222.11656897456538,358.1108446753158
222.49921681617167,359.4474126714489
222.88182614201529,358.9994002855499
223.2643969418733,357.296667259731
223.64692920552312,356.16874589510684
224.02942292274196,355.51197245180623
224.41187808330693,353.56395167642256
224.79429467699538,352.6681714994656
225.1766726935845,352.16032422166575
225.55901212285158,350.8460822378275
225.9413129545738,348.456840436148
226.3235751785284,347.0907286641008
226.70579878449274,349.5769830792997
227.0879837622439,352.57881918831845
227.47013010155928,353.1319369500857
227.85223779221602,352.72101064570876
228.2343068239915,353.6311168744701
228.61633718666243,355.10126415636813
228.9983288700069,355.46664229330196
229.3802818638015,355.47400539376207
229.76219615782384,356.2206735515997
230.14407174185095,357.214007452674
230.52590860566025,356.848857116123
230.9077067390286,356.3410717756358
231.28946613173358,356.4147199153122
231.67118677355242,356.16051579309544
232.05286865426214,355.4888617063809
232.4345117636404,353.2942213494508
232.81611609146412,352.57044033448653
233.19768162751043,352.9365213853353
233.57920836155694,353.05591511754847
233.96069628338054,353.1079222070156
234.34214538275873,352.2566099773036
234.72355564946875,351.7418171266068
235.10492707328746,351.55591580868713
235.48625964399258,352.6462523617629
235.86755335136112,354.49003693701786
236.2488081851703,356.7001265273749
236.6300241351974,358.0293828818291
237.01120119121975,358.41020569305056
237.39233934301447,358.69423632817416
237.7734385803588,358.98509605904235
238.15449889303008,359.0072669248552
238.5355202708056,359.5156433542551
238.9165027034624,358.9787819386301
239.29744618077794,358.2923084356309
239.6783506925291,358.5241835657206
240.0592162284935,357.71033792850955
240.44004277844843,357.12752954024006
240.8208303321707,356.9926825230828
241.20157887943782,357.4028513353773
241.5822884100271,358.17166428656844
241.96295891371568,359.2467399696895
242.34359038028077,359.26157310055436
242.72418279949972,358.88052843522667
243.10473616114965,358.03664803290934
243.485250455008,358.1411434484704
243.86572567085167,359.500316769342
244.2461617984581,359.60543813444053
244.6265588276047,359.5686558933199
245.00691674806845,360.1065414612776
245.3872355496268,360.06187846933955
245.7675152220567,359.6881857838313
246.1477557551356,359.6652114905695
246.52795713864083,360.91983677743013
246.9081193623494,362.66729084122835
247.2882424160388,361.21139637440393
247.66832628948586,360.1734963238142
248.04837097246846,360.9123368854231
248.4283764547632,360.53093696731867
248.80834272614774,359.45556439668104
249.1882697763991,358.6723809169072
249.56815759529462,358.0311526903902
249.94800617261163,357.51624638582274
250.3278154981271,356.14208314542515
250.7075855616185,355.95473899540093
251.08731635286307,357.47724351161884
251.4670078616379,357.2307752060373
251.8466600777202,356.40951658342897
252.22627299088762,356.7605235786487
252.605846590917,358.66405936100676
252.98538086758563,360.5375366677952
253.36487581067095,361.85174191370356
253.74433140995,363.0013835956434
254.1237476552,364.0539383638596
254.50312453619827,363.5244734993192
254.88246204272224,362.27083449438504
255.26176016454883,362.6740393481128
255.64101889145545,364.51070995172483
256.02023821321933,366.56427999608655
256.3994181196177,366.13932211292143
256.77855860042774,365.03433995855755
257.1576596454269,365.5639465397733
257.5367212443922,366.1913234180019
257.91574338710086,366.66240812175465
258.2947260633303,367.8946428710372
258.6736692628577,370.53008368251255
259.05257297546007,372.95639721169806
259.43143719091506,373.06831233809424
259.8102618989997,372.35884643347276
260.18904708949134,371.55978569508125
260.56779275216684,370.1338630707764
260.946498876804,368.3418613874994
261.32516545317964,367.9605664258833
261.7037924710712,369.05767913688146
262.0823799202559,368.8560091537388
262.46092779051094,367.18403328057366
262.8394360716135,366.8631752988785
263.21790475334086,366.758291638576
263.5963338254704,365.5260684360886
263.9747232777791,365.2647116571895
264.3530731000445,366.33235239972817
264.7313832820437,367.74329876973843
265.1096538135538,367.4892790610991
265.4878846843522,366.2196344672571
265.86607588421623,366.44991035945264
266.24422740292323,367.26254942800966
266.6223392302499,366.02309088017563
267.00041135597377,365.1500208660563
267.3784437698724,366.4494584494671
267.75643646172256,367.55442035968065
268.13438942130176,367.9573308700427
268.51230263838715,367.37464958930207
268.8901761027561,367.2701994616517
269.26800980418557,368.532015271524
269.6458037324531,369.81685442603515
270.02355787733575,372.13204571510107
270.40127222861076,374.49880527069797
270.7789467760557,376.22327456332806
271.1565815094472,376.22322472675023
271.53417641856316,375.30533937766927
271.9117314931801,375.089191554651
272.28924672307596,375.00030887355234
272.6667220980277,374.79969893135865
273.0441576078125,373.9041452190047
273.42155324220766,371.6566762732581
273.79890899099036,368.139977444815
274.17622484393803,365.95950805950116
274.5535007908275,366.75781654019625
274.93073682143665,368.78818597163604
275.3079329255419,370.0267423860752
275.6850890929212,370.94422092604003
276.0622053133517,371.48129670689616
276.4392815766102,372.219577648429
276.8163178724744,372.2043539683124
277.19331419072125,372.0107160682076
277.5702705211282,373.0190296162706
277.9471868534723,373.7811772881697
278.324063177531,371.5418716872489
278.70089948308134,368.9142077344625
279.07769575990085,369.14631487040816
279.4544519977663,369.7142541517879
279.8311681864553,370.61040053310137
280.20784431574515,371.9245766361835
280.5844803754126,373.73153452594806
280.9610763552355,376.1948070611402
281.3376322449909,377.42600612143093
281.71414803445566,377.26885333961815
282.0906237134076,377.4481541150989
282.46705927162327,377.0751843384852
282.8434546988809,375.95542097141254
283.21980998495667,375.23090477771945
283.5961251196286,375.45426017793244
283.97240009267347,374.51377181090913
284.34863489386873,373.43865991044925
284.72482951299173,373.9088532837231
285.1009839398194,374.3644003649387
285.47709816412925,373.69257553314867
285.8531721756982,373.527943363291
286.229205964304,375.124948181993
286.60519951972344,375.0349600303892
286.981152831734,373.72895797804233
287.35706589011266,372.6921910190198
287.7329386846369,372.40827630307723
288.10877120508405,372.46770899631395
288.4845634412312,372.01268598989446
288.86031538285545,371.953484496899
289.23602701973425,373.1185568320675
289.6116983416449,373.81370025059334
289.98732933836436,373.43323246266215
290.3629199996702,374.37381648897843
290.73847031533927,375.9939379165158
291.1139802751492,376.59792401271244
291.489449868877,376.59044566821325
291.86487908629994,377.396710019707
292.24026791719547,378.6949163349767
292.6156163513405,378.52286034134147
292.9909243785124,377.8286345162294
293.36619198848865,378.0898901175063
293.7414191710461,378.73227654905565
294.1166059159623,378.9192962079589
294.49175221301425,378.65792819599227
294.8668580519795,378.77787340773017
295.2419234226348,378.94995543821113
295.61694831475785,377.62880387574455
295.9919327181259,375.76288917941497
296.36687662251563,374.7847916268909
296.74178001770514,374.0376655229525
297.11664289347107,374.0071421264487
297.49146523959064,374.2305076686819
297.8662470458412,374.93167993579175
298.2409883020001,375.19224981697164
298.61568899784464,374.1763514262284
298.9903491231519,375.5640143162839
299.36496866769915,377.2658592139317
299.7395476212638,376.57203420119436
300.11408597362265,377.4903976388103
300.4885837145533,379.1254450891557
300.86304083383317,378.0655702760144
301.2374573212391,377.89410244802605
301.61183316654837,377.7824321436333
301.98616835953845,376.9246196745795
302.36046288998654,377.40305192738
302.7347167476698,376.1343772846196
303.1089299223652,375.447447435116
303.48310240385047,376.04445357877853
303.8572341819027,375.29797194817485
304.2313252462991,376.31263680477474
304.6053755868169,378.55213205538934
304.979385193233,377.6789954914083
305.35335405532527,377.0811335869845
305.72728216287055,378.3715001589334
306.10116950564617,379.16192502560233
306.4750160734294,380.9756050792062
306.8488218559977,382.42368997889275
307.2225868431278,382.8266994961024
307.5963110245974,382.16205839922674
307.9699943901833,379.40784691068274
308.34363692966315,377.93717127769037
308.7172386328139,379.7954660337168
309.09079948941326,381.72927467503706
309.4643194892379,382.41679734680736
309.8377986220654,381.87999676258283
310.2112368776726,380.09629617804904
310.58463424583744,379.372584885725
310.9579907163368,379.977063377764
311.3313062789476,382.1494529590179
311.7045809234477,385.70251324385293
312.07781463961356,387.64314725770754
312.4510074172232,386.2404145447404
312.8241592460535,384.15072811189196
313.1972701158818,382.87441949883265
313.57034001648503,383.42717346584726
313.94336893764097,384.85280110870275
314.31635686912637,383.7402301200153
314.6893038007187,382.0163930745422
315.0622097221952,380.02371274203955
315.4350746233332,376.6351207281904
315.8078984939096,374.5004168959174
316.180681323702,375.2092971169004
316.55342310248767,376.21675745294107
316.9261238200435,376.12689719750955
317.29878346614703,375.11143680798943
317.6714020305754,372.5062833227748
318.0439795031055,371.3195951556461
318.41651587351527,372.6631069013389
318.7890111315818,373.90913904179814
319.16146526708155,374.8869099387034
319.53387826979275,374.96208118080926
319.90625012949215,373.31224411960017
320.27858083595703,373.17008197116473
320.6508703789649,374.38691823190186
321.0231187482924,373.95374476516264
321.39532593371746,374.06595749850453
321.76749192501677,376.096573523963
322.139616711968,375.90967197574287
322.5117002843481,375.4471314011307
322.8837426319344,377.02235110780487
323.2557437445041,377.87316753431674
323.6277036118346,379.552870366918
323.99962222370317,379.4859126266868
324.37149956988674,378.26202440198125
324.74333564016274,379.2701681576097
325.11513042430846,380.0765015346147
325.486883912101,379.29293079202245
325.85859609331783,378.2330004096741
326.230266957736,376.7771996016097
326.60189649513273,375.43325326202387
326.97348469528526,375.6269163532579
327.3450315479712,375.2534791714073
327.7165370429673,373.8951723352735
328.088001170051,373.4922823281081
328.4594239189994,373.8655709483713
328.83080527959004,374.2912029558088
329.2021452416001,374.49224200772795
329.5734437948066,375.4774305992765
329.9447009289869,376.44070708096234
330.31591663391816,375.92565080476805
330.6870908993778,375.6495906867286
331.0582237151429,376.0900844732069
331.42931507099087,376.4701636684869
331.80036495669873,376.47698640836165
332.1713733620437,376.22300519005387
332.54234027680366,376.5509276085539
332.91326569075494,376.92400538970213
333.28414959367535,376.75217496679545
333.65499197534166,376.56503544969684
334.0257928255317,376.87120963866425
334.3965521340225,376.4904785925542
334.7672698905914,375.8856007952784
335.1379460850151,376.5575214470957
335.50858070707153,376.744222787117
335.8791737465373,376.29648965187556
336.2497251931901,376.4608749781689
336.6202350368073,377.7895215101976
336.9907032671655,379.15560479623963
337.36112987404255,379.4767604371349
337.7315148472154,379.83491464540043
338.10185817646135,380.89475188674413
338.4721598515579,380.7005962645603
338.84241986228164,380.1707668154229
339.2126381984107,380.8129535269487
339.58281484972133,381.29031906513836
339.95294980599164,380.3347046306313
340.3230430569983,378.1630345262682
340.6930945925188,376.02105927509785
341.0631044023304,376.163061484863
341.43307247621027,375.8870597099942
341.80299880393585,374.65558109347955
342.17288337528385,375.1713209168561
342.5427261800321,374.8137549777388
342.91252720795734,372.4849733595439
343.28228644883734,371.5521581180634
343.65200389244904,373.0752833638362
344.0216795285696,374.45625698620887
344.39131334697623,375.8147287816728
344.7609053374469,377.0464145819071
345.1304554897578,378.6664344933002
345.49996379368645,381.03282689079856
345.8694302390106,383.3464258072064
346.23885481550747,384.6219904662448
346.6082375129535,386.1515307200295
346.97757832112643,387.78566105802406
347.34687722980385,387.81494235558193
347.71613422876266,386.8589861069893
348.0853493077796,385.0744233682303
348.45452245663284,383.1109889289924
348.82365366509924,381.2370269735104
349.19274292295563,378.88554225617315
349.5617902199801,375.8398810628902
349.930795545949,374.88448442004284
350.29975889064013,375.3925736504911
350.66868024383064,375.2511858659456
351.0375595952976,374.7812328129628
351.4063969348183,374.4531659896406
351.77519225217026,375.2898042066015
352.1439455371303,375.7307124467968
352.512656779476,376.708826292097
352.88132596898436,378.46318649845364
353.2499530954329,379.7324817402631
353.6185381485985,380.9643218507753
353.98708111825886,381.8522283314426
354.3555819941906,381.5681930800651
354.72404076617175,381.9267324555422
355.09245742397883,383.7856563723084
355.46083195738913,384.9578777910855
355.82916435618057,384.23374508550916
356.19745461012985,381.6800740443701
356.565702709014,379.8805890944968
356.93390864261085,379.42550322774866
357.3020724006974,378.4257930061169
357.6701939730508,378.4636875542203
358.0382733494482,379.1879292150235
358.40631051966733,378.21003453816195
358.77430547348473,376.8440562423529
359.1422582006781,376.7170358959896
359.5101686910248,377.7922424571808
359.87803693430186,379.83098708348456
360.2458629202863,380.75673900967365
360.6136466387553,381.4354142956702
360.98138807948663,382.7862102243747
361.3490872322575,382.19646002684766
361.716744086845,380.8979153084503
362.0843586330259,381.2562334442684
362.45193086057793,383.00218742525163
362.81946075927857,383.4568619639969
363.18694831890457,383.15795129321907
363.55439352923327,382.65761444175604
363.92179638004194,382.62025588010204
364.2891568611077,382.3737934542082
364.6564749622084,381.17946137109215
365.02375067312073,380.6269541697951
365.3909839836217,380.64175053059813
365.7581748834891,379.77574399798004
366.1253233625001,377.58127967289346
366.49242941043144,376.2455970577821
366.8594930170611,375.8876594855943
367.2265141721656,376.05227300019004
367.59349286552265,376.79157594570694
367.96042908690947,377.3888552601945
368.3273228261033,377.60473987807393
368.69417407288097,377.7763148052498
369.0609828170202,377.059810260592
369.42774904829815,375.6786448813982
369.79447275649187,374.85040652725064
370.16115393137886,374.24537026567623
370.527792562736,373.7144455502293
370.8943886403406,373.54246713324636
371.2609421539702,371.46752989372715
371.6274530934022,369.2809629310662
371.993921448413,368.5052846848055
372.36034720878064,368.1690752430085
372.726730364282,368.99695858003776
373.09307090469434,369.6910604342035
373.4593688197954,368.7876502844496
373.82562409936145,368.69818504704904
374.19183673317025,370.4304102238989
374.5580067109995,370.8707688471217
374.9241340226256,370.7061705675404
375.29021865782664,370.1383655895176
375.656260606379,369.8696266731192
376.0222598580604,370.40786585476513
376.3882164026482,371.28158640984424
376.75413022991955,373.6850830701291
377.1200013296512,377.59640856819027
377.48582969162095,380.11943478834417
377.8516153056061,380.50787948268453
378.2173581613834,380.50049671440485
378.5830582487306,381.82896853223787
378.9487155574245,384.3365954504618
379.3143300772427,385.7919435820268
379.67990179796215,385.7171627548979
380.04543070936046,383.4256946162139
380.41091680121457,380.8805240099375
380.7763600633016,378.96969891661917
381.1417604853989,377.6634389886232
381.5071180572841,376.7376219091049
381.8724327687342,376.8944115498775
382.2377046095262,377.0965472916359
382.6029335694375,375.1116631077677
382.96811963824535,373.8276846375933
383.33326280572703,374.0063679103208
383.6983630616598,375.56653541045296
384.0634203958208,377.2687601625362
384.42843479798745,377.1864174310491
384.7934062579369,376.00605597373897
385.1583347654461,375.2888889954472
385.52322031029297,373.77352967016657
385.88806288225373,372.8474655013925
386.25286247110677,374.39250157508644
386.61761906662844,375.34810767895453
386.9823326585966,375.19900049937246
387.34700323678794,374.8556991495568
387.7116307909801,374.2881147886947
388.0762153109502,373.5790459363866
388.4407567864756,373.80385312820886
388.8052552073334,373.6399493377448
389.169710563301,373.8635915763338
389.53412284415504,374.5278684891572
389.89849203967356,374.6547281931909
390.2628181396337,375.2222483109173
390.6271011338121,376.29670754051085
390.99134101198626,377.67697154575814
391.355537763934,378.2218356351134
391.71969137943165,379.09562712840335
392.0838018482572,380.35017174718575
392.4478691601873,380.9997268592469
392.81189330499984,381.3655862108634
393.17587427247145,381.97773012266225
393.53981205237966,382.61937714208085
393.90370663450176,381.51354453311035
394.26755800861497,379.47551422320896
394.6313661644962,377.6920694951199
394.99513109192316,376.3781989522494
395.35885278067303,375.9671152260322
395.72253122052257,375.4441070113016
396.0861664012493,375.6608547525332
396.44975831263105,376.3629400706736
396.813306944444,375.0495548045713
397.1768122864661,372.39994559714773
397.54027432847465,371.9005758219915
397.90369306024627,372.77476267802444
398.2670684715588,373.327370593787
398.63040055218954,374.21571895128443
398.993689291915,375.3656693014685
399.3569346805133,376.3587259818462
399.72013670776073,377.2019542791415
400.0832953634355,377.6868484516586
400.4464106373144,377.8806952785025
400.80948251917465,378.61220062746787
401.17251099879365,379.50798921763453
401.53549606594805,379.8291133769633
401.8984377104161,378.9853617543603
402.2613359219741,378.7691012697353
402.6241906903998,377.343305597002
402.9870020054705,374.49151766902844
403.34976985696346,373.65555072334837
403.71249423465537,374.39451514342295
404.0751751283241,375.05914128515394
404.4378125277463,374.81304942742304
404.80040642269984,374.72335306862965
405.1629568029618,374.78272594808226
405.5254636583087,374.8947193100038
405.88792697851864,373.9764954271435
406.2503467533689,374.44709438716467
406.6127229726363,376.0748887435913
406.9750556260979,375.93313106301565
407.3373447035317,374.3877328419775
407.69959019471395,372.969112775596
408.0617920894228,372.6179120713757
408.4239503774351,371.176918190795
408.786065048528,370.73665349808925
409.1481360924788,371.75941713691554
409.5101634990649,372.468337377579
409.87214725806297,372.47440421247967
410.23408735925125,372.68948780164806
410.5959837924064,373.4208833749316
410.9578365473054,373.07034251586134
411.31964561372587,373.2871582284762
411.68141098144514,374.76568482812183
412.0431326402404,376.02771325478506
412.4048105798885,375.6317497980171
412.76644479016716,374.63850455059463
413.12803526085344,374.4071501599395
413.4895819817245,373.5275132738812
413.85108494255735,372.6699546107212
414.2125441331299,371.88567667210657
414.57395954321873,372.0570841308131
414.9353311626017,371.89260749917014
415.2966589810556,371.93685181098095
415.65794298835755,372.23537994254116
416.0191831742851,371.4894822292342
416.3803795286156,371.68416556804823
416.7415320411257,371.4231940491023
417.1026407015935,371.1694956072097
417.46370549979576,370.7819553595445
417.82472642550977,370.2452049585921
418.18570346851254,371.08129229903074
418.54663661858183,372.35783990346704
418.90752586549405,370.65646327984837
419.26837119902746,369.0890781499471
419.62917260895864,370.13340934748766
419.98993008506505,370.95387811798264
420.3506436171239,371.7899988986974
420.7113131949126,372.8578397517917
421.07193880820796,374.7835217202785
421.4325204467876,376.3728566941727
421.7930581004284,376.35742989384886
422.15355175890807,375.95422167515665
422.5140014120035,377.18568619776164
422.8744070494921,378.56576206130785
423.23476866115107,378.46844520911213
423.59508623675737,377.6999204985176
423.9553597660889,377.9086494157573
424.31558923892237,378.8485716699294
424.675774645035,377.93038342372085
425.0359159742046,376.3035075861734
425.39601321620756,376.0056690943909
425.7560663608218,376.2078046795571
426.11607539782455,376.17856621371806
426.4760403169923,378.0682437389141
426.83596110810333,380.24849430432164
427.19583776093424,381.3834504870117
427.55567026526217,380.85399078726243
427.9154586108645,379.4657938663952
428.27520278751916,379.15241750486655
428.6349027850021,378.9961388767361
428.9945585930917,378.50334736105305
429.35417020156467,378.86861122204857
429.71373760019844,379.74145686077674
430.07326077877025,377.7555098510758
430.432739727057,374.7098486025417
430.79217443483606,373.9705561607037
431.15156489188496,376.1426245333887
431.5109110879809,379.2029329348479
431.8702130129006,379.46385462330426
432.2294706564223,378.56001512876634
432.58868400832205,378.6642909578061
432.94785305837814,378.14153156184483
433.3069777963671,377.1556300170248
433.6660582120664,376.6177893124354
434.0250942952533,378.78194895977913
434.3840860357051,380.4907193726182
434.7430334231988,378.7658777914727
435.1019364475122,376.27231277380537
435.46079509842184,375.3464659275801
435.81960936570533,376.0333976155325
436.17837923913993,375.85467202338174
436.53710470850285,374.9438075473339
436.8957857635713,375.0630496581959
437.2544223941224,375.50379308529875
437.6130145899339,374.38474586911354
437.9715623407822,373.41480564051153
438.3300656364453,373.5715401086898
438.68852446669996,373.1390662710349
439.04693882132386,373.04269993033097
439.4053086900937,373.0128173051989
439.763634062787,371.7286130029147
440.1219149291811,371.08696991079273
440.4801512790529,369.68365020297597
440.8383431021804,368.55606662050997
441.19649038833995,368.3696411541732
441.5545931273092,367.3847819285435
441.9126513088656,366.75815713877523
442.27066492278584,367.825951570303
442.6286339588477,369.7141751157027
442.98655840682824,371.6098080279274
443.34443825650425,373.49839905122104
443.70227349765366,374.416287034657
444.06006412005354,375.6260191477909
444.4178101134809,376.62698004899386
444.77551146771305,376.74619403646204
445.13316817252763,377.3055377651199
445.4907802177012,377.9626004381049
445.8483475930114,377.44011940223834
446.20587028823513,376.57418368487015
446.56334829315,375.29058431714
446.92078159753345,373.92468141134543
447.27817019116253,373.82806837689645
447.6355140638142,374.3654041345588
447.99281320526563,374.9395377324552
448.3500676052946,374.7157576793497
448.7072772536778,373.9621866765181
449.06444214019314,372.35671588648205
449.42156225461724,371.1467456451252
449.7786375867275,371.7215263978217
450.13566812630154,373.7370218415072
450.49265386311606,375.6253335367654
450.84959478694856,375.1174688225828
451.20649088757625,375.58040431241943
451.56334215477625,376.5957925795837
451.9201485783259,377.073376576397
452.2769101480027,377.5884045019686
452.63362685358345,378.14844114680494
452.9902986848456,378.12632927475283
453.3469256315665,377.1708968952592
453.70350768352336,375.9316384707287
454.060044830493,374.95379915393517
454.41653706225327,375.2229119627534
454.772984368581,373.87203265197905
455.12938673925356,371.98346060490496
455.48574416404864,371.2969400592589
455.84205663274236,371.1627516882511
456.1983241351134,371.7227847938124
456.55454666093755,373.1039309503647
456.910724199993,374.7908992145632
457.2668567420568,374.99949860837705
457.622944276906,375.5364710285431
457.9789867943181,375.9913743425931
458.3349842840701,374.8043736066565
458.6909367359396,374.3191884285209
459.0468441397035,374.9457398118901
459.40270648513905,374.982831829421
459.7585237620236,374.31102988297823
460.1142959601346,374.2436062915676
460.47002306924867,372.77302359937465
460.82570507914363,371.6016704036892
461.1813419795964,372.1473054545306
461.53693376038444,372.7074751237402
461.892480411285,373.33407612915533
462.2479819220754,373.8565564019542
462.60343828253264,373.5657622162167
462.95884948243366,373.19231871349297
463.3142155115564,373.6698542305024
463.66953635967747,372.7665994028038
464.0248120165749,372.51293788483156
464.38004247202497,373.5654793545483
464.73522771580593,372.80382534150164
465.09036773769384,372.3035014492788
465.4454625274672,373.2218925486645
465.8005120749023,372.8560250400081
466.1555163697769,372.6396011474898
466.51047540186784,373.4683211396072
466.8653891609529,373.4309059458742
467.2202576368089,374.0579682562312
467.57508081921316,374.8417667395579
467.92985869794285,375.0732142277865
468.2845912627752,375.81973259358915
468.63927850348784,375.66265466028034
468.9939204098575,375.6624944595714
469.34851697166215,376.97655965951185
469.7030681786781,376.9991933913698
470.05757402068303,376.14110896588903
470.4120344874544,376.54460317343484
470.76644956876936,376.3954537219002
471.1208192544045,375.52927197009006
471.4751435341379,374.8718612583157
471.8294223977465,373.33355024744895
472.18365583500764,372.1167926619536
472.53784383569825,371.7212589764467
472.8919863895955,370.8924065587308
473.24608348647763,370.54848844410037
473.6001351161205,370.1519638268223
473.9541412683023,369.1213109384745
474.3081019328,368.598949005746
474.66201709939077,369.2562373979128
475.01588675785194,368.65190385637356
475.3697108979606,368.6676381118869
475.7234895094942,370.3704307252277
476.0772225822299,370.9677176221354
476.430910105945,372.25202267669454
476.7845520704165,373.0216608045564
477.1381484654218,372.60433913410674
477.49169928073826,373.24661938533984
477.8452045061429,373.8512922642994
478.1986641314132,372.6123375621654
478.5520781463262,371.85858145468467
478.90544654065906,372.59711287026465
479.2587693041895,373.2231169086538
479.61204642669435,372.7598960668357
479.96527789795084,371.1845599614587
480.31846370773627,370.9078454828667
480.6716038458282,372.5127553504004
481.0246983020032,373.5951214930427
481.37774706603903,373.93805484334047
481.73075012771307,374.76641810189807
482.08370747680226,376.5433602715599
482.43661910308384,375.7896093625554
482.7894849963348,374.3791624581336
483.14230514633283,374.34968750337845
483.4950795428551,373.9168046850218
483.84780817567855,373.969509658376
484.200491034581,372.95448675962206
484.5531281093391,371.37930788332164
484.9057193897303,371.0511344452047
485.25826486553177,371.7229616906293
485.6107645265212,371.66276114949585
485.9632183624752,372.20026839781025
486.3156263631716,373.1485916697129
486.66798851838684,374.35811260817275
487.02030481789905,376.07531613799995
487.3725752514849,376.5753110306446
487.72479980892166,377.45609315657987
488.0769784799869,378.01619724489524
488.4291112544578,377.6953286571943
488.78119812211105,376.47113193772725
489.1332390727246,375.70222006102057
489.4852340960753,376.1798407481276
489.8371831819406,375.72403940541506
490.1890863200977,374.462280182862
490.5409435003238,372.4614075460495
490.89275471239597,370.9381879042445
491.2445199460919,371.3633453807065
491.5962391911882,372.6470267689754
491.9479124374628,374.06509234049054
492.299539674692,375.6845369101464
492.6511208926542,376.00554351733706
493.0026560811257,375.259410058027
493.3541452298843,375.61052723870256
493.7055883287068,376.670047411077
494.0569853673713,378.17006712798127
494.4083363356538,378.58802876989046
494.75964122333255,376.72139410274974
495.11090002018426,375.0342040184082
495.46211271598634,373.0188111420731
495.8132793005163,370.3093628229196
496.1643997635509,369.47365326221365
496.5154740948674,369.6974942015777
496.8665022842433,368.8017500130164
497.217484321456,367.07802908402573
497.5684201962824,366.1155698093817
497.9193098984998,366.0108884479918
498.2701534178852,365.0700141832799
498.6209507442165,363.2553134653805
498.9717018672708,362.61254482624713
499.3224067768244,362.2242547137104
499.6730654626561,360.8502860388704
500.02367791454174,360.1631585796471
500.37424412225954,360.54378773204564
500.72476407558605,361.3501017981308
501.07523776429855,361.6790672162762
501.42566517817494,362.2097346366103
501.7760463069918,364.8007424284934
502.1263811405268,367.3322531477334
502.47666966855667,368.9302732244985
502.8269118808592,371.71458518952596
503.1771077672112,373.9840898469769
503.5272573173905,374.6187747118028
503.8773605211737,374.03661044202556
504.2274173683383,373.2004842303853
504.5774278486618,372.759388141561
504.9273919519208,371.7362333191129
505.2773096678931,370.01155077199
505.6271809863557,369.1002681420705
505.9770058970861,368.31654496159655
506.32678438986125,367.0028782074434
506.6765164544584,366.4802351518907
507.026202080655,366.3314353594626
507.37584125822815,366.92172619246344
507.725433976955,367.32487145514926
508.07498022661287,367.19824613836397
508.4244799969791,367.3031505214034
508.7739332778309,367.82631395782875
509.1233400589452,368.14071542186065
509.4727003300997,368.29755710299463
509.82201408107187,369.678635434322
510.17128130163826,370.1493280097568
510.5205019815765,369.4175921403601
510.86967611066336,369.7530958803047
511.2188036786767,369.74524928696195
511.5678846753934,369.2448329494566
511.9169190905906,369.5433347307055
512.2659069140462,370.4091448628879
512.6148481355369,371.0584877668238
512.9637427448398,371.289975362756
513.3125907317328,370.1329125883775
513.6613920859925,369.2815665118972
514.0101467973961,369.7063699423455
514.3588548557212,368.8099110145512
514.707516250745,368.9066833866975
515.056130972245,369.8843957232761
515.4046990099977,369.5257981184035
515.753220353781,367.6668950164395
516.1016949933717,366.0912747772212
516.4501229185473,365.4634915531049
516.7985041190848,365.51565358777
517.1468385847619,367.2701382515707
517.4951263053555,367.9352584179792
517.8433672706432,368.03322812152555
518.1915614704014,368.4149443055389
518.5397088944084,368.5050869624955
518.8878095324405,368.37081268043397
519.2358633742757,368.37796342761317
519.5838704096911,369.0424854710022
519.9318306284633,369.5282431684521
520.2797440203702,370.2747476881883
520.6276105751889,369.70026258812476
520.9754302826966,370.06609705357505
521.3232031326704,369.9234401318505
521.6709291148875,369.02670261115384
522.0186082191256,369.2279543905466
522.3662404351617,368.99642467206843
522.7138257527729,370.17633894659616
523.0613641617364,371.4159666975327
523.4088556518293,371.7296600399568
523.7563002128298,371.67003432505754
524.1036978345144,371.50540565110435
524.4510485066601,370.81878619670505
524.7983522190443,371.6853158011352
525.1456089614442,371.6926489210849
525.492818723638,370.8264292449991
525.8399814954016,371.45355391664737
526.187097266513,371.4161422327034
526.5341660267494,372.4830038799793
526.8811877658876,373.07934336697656
527.228162473705,371.86257596897616
527.5750901399794,372.1242231055896
527.9219707544872,372.89297060891136
528.2688043070065,373.01257168362565
528.6155907873137,373.8791268009
528.9623301851864,373.8721498602543
529.3090224904025,374.11864443338135
529.6556676927378,373.74527683965607
530.0022657819711,371.73004516293526
530.3488167478783,371.07362270186076
530.6953205802376,370.91671984450335
531.0417772688259,369.3414719413928
531.3881868034202,367.5649132360088
531.734549173798,365.9965932126446
532.0808643697366,364.92058591606695
532.4271323810133,365.2780635263855
532.7733531974047,364.47893773452085
533.1195268086891,363.77731202983813
533.4656532046429,362.9409744699683
533.8117323750437,362.1792191758345
534.1577643096686,362.8732534739047
534.503748998295,362.52958145263153
534.8496864306999,362.4547029037656
535.1955765966607,363.70911557149446
535.5414194859549,364.61296168707213
535.8872150883587,364.54639889234215
536.232963393651,365.7634854839207
536.5786643916077,366.8233091361413
536.9243180720066,367.7270172605504
537.269924424625,368.5784546376354
537.6154834392395,367.92895257640686
537.9609951056282,368.6228748875131
538.3064594135678,369.34680019220593
538.6518763528359,369.36941421643166
538.9972459132094,370.5042289443432
539.3425680844654,371.4073198594223
539.6878428563816,371.75799612290854
540.033070218735,372.95254995247177
540.3782501613034,373.1838863881906
540.7233826738631,372.60175942894364
541.068467746192,373.8115717315287
541.4135053680669,374.61089777861497
541.7584955292654,374.6186490096111
542.1034382195646,374.4841034947894
542.4483334287416,373.93167714286574
542.7931811465739,374.3420214002886
543.1379813628389,374.7072518757104
543.482734067313,373.50520291957196
543.8274392497744,373.3782133873302
544.1720968999999,374.5948672155635
544.5167070077671,374.72882373466155
544.8612695628525,374.944846968208
545.2057845550337,376.0123591805812
545.5502519740883,376.0871078204136
545.8946718097934,374.48169406302
546.2390440519259,372.8991632680986
546.5833686902631,371.8772683383171
546.9276457145827,371.9670672861182
547.2718751146615,372.86303956388866
547.6160568802769,372.07211593541643
547.960191001206,371.4755291614473
548.3042774672265,371.45369585078964
548.6483162681149,369.2735464340262
548.9923073936491,367.9891204524247
549.3362508336056,369.9533585066266
549.6801465777626,371.77549601588817
550.0239946158965,371.88736047006
550.3677949377854,371.0812790151731
550.7115475332059,369.6401741270947
551.0552523919353,369.79624189920963
551.3989095037507,369.7805998333405
551.7425188584295,368.9441777922151
552.0860804457496,371.1165648141568
552.4295942554874,372.8036394336055
552.7730602774203,371.86268284758404
553.1164785013259,371.45970297411185
553.4598489169805,372.10191007361846
553.8031715141626,373.0645090689482
554.1464462826486,373.3409928077229
554.4896732122162,372.43832517446873
554.8328522926424,371.21443965745584
555.1759835137048,371.1921875173458
555.5190668651795,370.1323964976901
555.8621023368452,368.85564126820583
556.205089918478,370.45192863428747
556.5480295998566,371.09298943429104
556.8909213707564,369.2411390863318
557.2337652209559,368.4048687784883
557.5765611402319,368.11369282407827
557.9193091183618,367.6134685436906
558.2620091451225,368.2479296410565
558.6046612102916,367.9938412857924
558.9472653036463,368.21781519522926
559.2898214149639,369.1968312995339
559.632329534021,367.3024398755372
559.9747896505961,365.3623218557761
560.3172017544655,365.974716587456
560.659565835406,366.41571356359475
561.0018818831961,365.8486543015296
561.3441498876125,366.34865396797034
561.6863698384325,365.8332179073215
562.0285417254327,364.1233414017914
562.3706655383909,363.63785554227974
562.7127412670845,363.3238633370587
563.0547689012908,363.5547478970254
563.3967484307861,364.2637844631547
563.7386798453488,365.0925714117593
564.0805631347555,366.0928416572297
564.4223982887836,367.1450117289911
564.7641852972104,367.1449259338518
565.1059241498132,367.899117393637
565.447614836369,369.80308214678223
565.789257346655,370.5421446080787
566.1308516704487,371.2513191762397
566.4723977975275,371.28854546518005
566.8138957176682,370.52654199800753
567.155345420648,369.6305395223167
567.4967468962448,369.34699528815224
567.8381001342351,369.31006647482445
568.1794051243967,369.28823281073124
568.5206618565064,369.46771859662203
568.8618703203417,370.66952560171774
569.2030305056797,371.23701407857266
569.544142402298,370.4082777749176
569.8852059999734,369.407759227257
570.2262212884833,368.9530107691018
570.567188257605,369.98370246216325
570.9081068971155,370.4315784003147
571.2489771967923,370.66265759656596
571.5897991464128,371.14737663702596
571.9305727357538,371.92347346956717
572.2712979545928,372.1701653459425
572.6119747927071,372.29706691195304
572.9526032398736,372.371645480339
573.2931832858701,372.42417489280007
573.6337149204732,373.39471017610884
573.9741981334607,374.9466949806262
574.3146329146093,375.78969536183007
574.6550192536968,375.8570846391564
574.9953571405002,375.5511147467971
575.3356465647964,373.8565442182817
575.6758875163633,371.96765444102664
576.016079984978,370.78784508384655
576.3562239604169,370.6387693630384
576.6963194324583,371.04965019893774
577.0363663908792,370.8775957080341
577.3763648254564,368.66054788838727
577.7163147259672,365.9804364876121
578.0562160821898,364.6438363304191
578.3960688838999,364.46502412239397
578.7358731208762,365.06209164590615
579.0756287828947,365.3826721579539
579.4153358597339,364.32247954952686
579.7549943411693,363.93394228255977
580.0946042169801,365.3670739013929
580.4341654769421,365.6957949650253
580.7736781108337,366.3082323198846
581.1131421084314,367.9139549448263
581.452557459512,369.3029400526567
581.7919241538541,371.2286388310961
582.1312421812333,372.609927456464
582.4705115314283,372.94600510654203
582.8097321942157,374.05069001374795
583.1489041593725,374.02082898480626
583.4880274166766,372.37087357919853
583.8271019559046,371.43783343070635
584.1661277668338,370.557335576161
584.5051048392422,369.8480912710938
584.8440331629062,368.0785444445657
585.1829127276033,365.0478669865952
585.5217435231103,363.82388656992197
585.8605255392055,364.0704812974163
586.1992587656658,363.4959712936562
586.5379431922678,362.83896216651794
586.8765788087892,362.91353039826976
587.215165605007,363.24185287850133
587.5537035706985,363.06954904527686
587.8921926956415,362.96463803057776
588.2306329696128,364.4877037641477
588.5690243823896,366.06315326798267
588.907366923749,367.36173567925226
589.2456605834684,368.7492338044042
589.5839053513248,369.82353102167036
589.9221012170963,370.6076275502394
590.2602481705593,370.772269836783
590.5983462014913,370.63072113459964
590.9363952996695,370.03404268225114
591.274395454871,369.02702698979886
591.6123466568732,367.87777503863583
591.9502488954533,366.5340134555241
592.2881021603893,365.20564532156345
592.625906441457,364.5795429028406
592.9636617284345,363.6318379492622
593.3013680110994,362.19818179965324
593.6390252792279,362.38460049498326
593.9766335225981,363.68305657743997
594.3141927309867,365.83981299694756
594.6517028941713,366.74228224893193
594.9891640019292,367.3164090719074
595.3265760440373,369.82420345017323
595.6639390102735,371.01789320519714
596.0012528904138,370.2412518235225
596.3385176742364,369.79378305266965
596.6757333515185,371.3171733138299
597.0128999120371,372.20556771985576
597.3500173455699,371.9444387271587
597.6870856418934,370.8843752960511
598.0241047907851,370.1898308973032
598.3610747820223,369.6745812120419
598.6979956053822,367.02434292183074
599.0348672506425,364.71807129063825
599.3716897075798,364.330444043868
599.7084629659718,365.89065967466394
600.0451870155956,367.3537635785906
600.3818618462283,367.615223730875
600.7184874476472,367.68962504111136
601.0550638096296,367.89116774837834
601.3915909219523,368.07774535749934
601.7280687743935,367.6369257495856
602.0644973567299,367.5620237653553
602.4008766587382,368.65796397193196
602.7372066701969,369.2313998163297
603.0734873808817,368.5223988222879
603.4097187805712,368.05260473688475
603.745900859042,367.81405216773777
604.0820336060716,367.42656836395156
604.4181170114371,367.09126762263315
604.7541510649154,367.26380051397337
605.0901357562847,368.7276874730239
605.4260710753207,370.8482066035476
605.7619570118021,372.6708077773064
606.0977935555055,373.6644590235779
606.4335806962082,374.45568118023493
606.7693184236874,373.5223253798752
607.1050067277208,372.4916445628779
607.4406455980845,372.9461908290932
607.7762350245575,372.698825421668
608.1117749969156,372.49604256287626
608.447265504936,373.14491153209855
608.7827065383972,373.6228750403871
609.1180980870753,372.5855600627209
609.4534401407477,372.20481021436734
609.7887326891922,372.7569637813722
610.1239757221854,374.129811269979
610.4591692295053,376.3614165315562
610.794313200928,376.22757088364693
611.1294076262318,376.3850321955763
611.464452495194,376.7071647163389
611.7994477975905,375.06531186922587
612.1343935232,373.78805233161023
612.4692896617993,373.83273791748314
612.8041362031652,373.84071173007163
613.1389331370754,371.95244838044016
613.4736804533064,369.57171140337556
613.808378141637,368.61650710290627
614.143026191843,369.8183021541263
614.4776245937022,371.52786128405114
614.8121733369917,373.2372446821852
615.1466724114888,374.64091346433634
615.4811218069711,375.0966873142931
615.8155215132151,374.61885231804087
616.1498715199983,374.13323835818136
616.4841718170987,374.95387112795584
616.8184223942922,375.4461916307125
617.1526232413574,374.8192573969785
617.4867743480702,373.498021296857
617.820875704209,371.83990659270006
618.1549272995509,371.01810593471686
618.4889291238723,370.17465608244265
618.8228811669511,369.1744579023917
619.1567834185645,368.1142024528435
619.4906358684894,367.39762041842044
619.824438506504,367.18130266921304
620.1581913223838,367.084126653162
620.4918943059076,367.06885731749907
620.825547446852,365.9109545093432
621.1591507349948,364.08238966252173
621.4927041601127,362.69447389202156
621.8262077119828,362.39569068674814
622.1596613803825,362.9856088997585
622.4930651550892,363.7398318244392
622.8264190258798,363.4714083790143
623.1597229825323,362.8821181738749
623.4929770148229,363.1737450183466
623.8261811125299,362.7633170708572
624.1593352654296,363.25627420426207
624.4924394633,365.1298707081438
624.8254936959181,364.62935066875497
625.1584979530605,363.65872539923896
625.4914522245055,362.5684570288495
625.82435650003,361.71743241432
626.1572107694103,362.00109793771566
626.4900150224253,362.105125079553
626.8227692488508,362.20199430273306
627.1554734384646,362.53842088951114
627.4881275810442,362.62102932043183
627.8207316663666,362.5469610892879
628.153285684209,363.02472105649616
628.4857896243484,364.0547249549024
628.8182434765623,366.4588052541654
629.1506472306284,368.81046754037465
629.4830008763232,369.3179244467488
629.8153044034242,369.56405796034545
630.1475578017089,370.2207402346634
630.4797610609536,369.51855052345485
630.8119141709374,368.98066608589227
631.1440171214358,369.57031448813655
631.4760699022264,370.98201297683926
631.8080725030869,371.5799298797673
632.1400249137945,370.2808530318301
632.4719271241263,368.48902054804523
632.8037791238589,369.1230022868622
633.1355809027705,370.428831686716
633.4673324506383,368.84576850731315
633.799033757239,368.18833379829556
634.1306848123497,368.28557541044626
634.4622856057485,367.1737117012794
634.793836127212,366.9122730081041
635.125336366518,367.5465481246626
635.4567863134429,367.27070505391504
635.7881859577644,367.44251316390944
636.1195352892594,366.3827402923796
636.4508342977059,364.83797924529097
636.7820829728807,365.91317792323815
637.1132813045608,367.3843016079822
637.4444292825241,368.6013909055463
637.7755268965468,368.8250903825063
638.1065741364073,366.9357664077649
638.4375709918822,363.50861816099194
638.7685174527488,361.7089555417564
639.0994135087842,361.0070791016743
639.4302591497666,360.05942688518013
639.7610543654716,360.0078897087704
640.0917991456773,360.1352472886576
640.4224934801617,360.3368774306935
640.7531373587007,358.873410663245
641.0837307710722,357.61155656228254
641.4142737070537,358.223911033152
641.7447661564219,359.2766616914572
642.0752081089541,360.747633045946
642.4055995544278,361.718129437262
642.7359404826203,362.8079081976894
643.0662308833087,362.9873650748877
643.3964707462698,361.6364044118434
643.7266600612819,360.486548688082
644.0567988181213,361.88260523277967
644.3868870065655,363.9357126542023
644.716924616392,364.9662874027581
645.0469116373775,366.45982238130944
645.3768480593002,366.87697818774444
645.7067338719359,366.7868689993814
646.0365690650633,367.0036870152405
646.3663536284587,367.7573571529483
646.6960875518997,369.9968843339281
647.0257708251635,371.803709219714
647.3554034380272,372.1542972154767
647.6849853802686,371.7059222954261
648.0145166416642,370.5778091700355
648.3439972119917,370.0549255809569
648.6734270810282,370.94433444746227
649.0028062385504,371.669035220929
649.3321346743364,371.07155400775883
649.6614123781635,370.2946316317489
649.9906393398081,369.1668584736724
650.3198155490481,367.99493834488914
650.6489409956606,366.7635427874699
650.9780156694227,366.09216672620687
651.3070395601115,366.8614423869423
651.6360126575049,367.3089606203239
651.964934951379,366.69640559943156
652.2938064315126,365.7928425805823
652.6226270876815,366.6061770520017
652.9513969096638,367.9797573621023
653.2801158872365,367.95730696984276
653.6087840101767,367.17343142338
653.9374012682617,366.8004579725143
654.2659676512686,367.2558922121536
654.5944831489754,367.3897621663123
654.9229477511583,367.27020550334436
655.2513614475955,367.60626222812033
655.5797242280636,367.4198725675823
655.9080360823393,366.29305407388915
656.2362970002014,365.0541961815021
656.5645069714262,364.6216947539251
656.8926659857904,364.9874122750308
657.2207740330724,365.30053117817926
657.548831103049,363.96388303083825
657.8768371854969,363.1203457556592
658.2047922701944,363.00801457193757
658.5326963469178,361.7686060077784
658.8605494054444,361.25361757424054
659.1883514355521,360.9996652475999
659.5161024270177,360.3276630575968
659.8438023696182,360.14078599341263
660.1714512531313,360.5888392191396
660.4990490673341,360.2605317154553
660.826595802004,360.81308997503044
661.1540914469182,360.88845045267186
661.4815359918537,360.322419122776
661.8089294265877,361.6593182602787
662.1362717408974,363.2569813907524
662.4635629245605,363.3314302005929
662.790802967354,363.38308033304446
663.117991859055,364.86831022441373
663.4451295894409,365.3386080721973
663.7722161482887,366.72032719731146
664.0992515253763,368.0797626022006
664.42623571048,369.12546643050325
664.7531686933778,370.3426312985864
665.0800504638464,369.7453980749447
665.4068810116636,368.93169236892294
665.7336603266062,368.3869986870184
666.0603883984514,366.610724551333
666.387065216977,363.7669576428321
666.7136907719597,362.647375887959
667.0402650531765,361.73621708925566
667.3667880504056,360.2569110156281
667.6932597534237,357.8818755327695
668.0196801520082,356.09730363391475
668.3460492359357,355.87269576415514
668.6723669949841,355.90217854284833
668.9986334189306,356.68578293107953
669.3248484975519,358.13389977505335
669.651012220626,359.5671613046746
669.97712457793,359.82020631359586
670.3031855592401,359.9763159017817
670.6291951543352,361.0592088551662
670.9551533529915,363.2993482883986
671.2810601449861,363.6200624313424
671.6069155200968,362.2692002615322
671.9327194681007,363.0906211838031
672.258471978775,364.7030939360991
672.5841730418966,365.90508733873423
672.9098226472435,367.1442130200638
673.2354207845923,367.45786968253685
673.5609674437202,367.41285861348285
673.8864626144053,367.7636109802779
674.2119062864238,366.9715562159221
674.5372984495533,367.99361264029886
674.8626390935713,369.51660193990523
675.1879282082542,368.67316366689755
675.5131657833808,368.2256047456837
675.8383518087269,368.7035600142688
676.1634862740705,368.35998249910915
676.4885691691887,367.88202163328003
676.8136004838582,367.88233541601295
677.1385802078571,367.8898713378874
677.4635083309623,369.360913025136
677.7883848429507,369.1448775475703
678.1132097335999,368.6668979792961
678.4379829926872,369.02505890013646
678.7627046099897,368.62148969261096
679.0873745752846,368.15843620916337
679.4119928783491,367.3902066953425
679.7365595089601,366.0768119124638
680.0610744568962,366.2557544694467
680.3855377119328,366.5243131660841
680.7099492638486,364.6505482600704
681.0343091024204,364.0759278405179
681.3586172174249,364.7480489722381
681.68287359864,365.03948022090606
682.0070782358429,365.2712510584619
682.3312311188098,365.2641908717656
682.65533223732,364.92819578946893
682.9793815811486,365.70394177759516
683.3033791400742,364.95002367285576
683.6273249038736,363.6071734796011
683.9512188623244,363.56295340274227
684.2750610052027,363.95873944518
684.5988513222873,364.2196497756141
684.9225898033545,362.5093960507609
685.2462764381816,361.00843528155593
685.5699112165457,360.5376959966759
685.8934941282246,360.41028158503275
686.2170251629955,361.3811159340112
686.5405043106349,363.3449113365475
686.8639315609212,365.36015162007794
687.1873069036302,367.9429785154431
687.5106303285406,368.69622100781464
687.8339018254284,367.94177324358213
688.1571213840712,368.9350944542606
688.4802889942474,370.36863221490785
688.8034046457325,371.2642659395035
689.1264683283048,370.6668392106622
689.4494800317411,369.017265525308
689.7724397458192,367.9720455392292
690.0953474603157,366.5758259637661
690.4182031650084,364.7990770973745
690.7410068496737,365.34476969762636
691.0637585040896,365.92771743369104
691.3864581180331,365.5844322183534
691.7091056812818,364.7560438324621
692.0317011836122,363.62932144034426
692.354244614802,364.60037236442724
692.6767359646286,365.1379547590513
692.9991752228686,363.49555563125
693.3215623793001,362.263995304004
693.6438974236992,362.47346248135597
693.9661803458444,362.91413085379014
694.2884111355124,362.2719775569872
694.6105897824802,361.1668826955991
694.9327162765258,361.4431374435617
695.2547906074253,363.0930363021597
695.576812764957,363.9216952036014
695.8987827388975,365.15364473789197
696.2207005190244,366.4751139724225
696.5425660951146,367.0647363787096
696.8643794569454,366.7210406901775
697.1861405942944,364.35448714328373
697.5078494969383,364.8249786837888
697.8295061546554,367.5348541831322
698.151110557221,367.2734453162302
698.4726626944141,364.5113552419886
698.794162556012,363.5258218044032
699.1156101317903,363.63762554486914
699.4370054115278,363.6525969500646
699.7583483850011,364.5112897385923
700.0796390419874,364.9959705832192
700.400877372264,365.3163937921248
700.7220633656087,365.94342510151785
701.0431970117984,365.8166495896916
701.364278300609,366.49623191818307
701.68530722182,368.2879932282624
702.0062837652075,369.7365012021948
702.3272079205487,370.6545863778137
702.6480796776209,370.4677163315375
702.9688990262008,370.0942808344854
703.289665956067,370.5123907998942
703.6103804569958,370.5716672381575
703.9310425187649,368.75676622015675
704.2516521311512,367.48717032815534
704.5722092839316,365.6347708223428
704.8927139668835,362.938656391675
705.2131661697856,361.60903435675067
705.5335658824132,359.8695928714995
705.8539130945442,358.3694795701633
706.1742077959557,357.3689598705199
706.4944499764259,356.9208830877542
706.8146396257307,358.7803349441223
707.1347767336482,361.5134977588047
707.4548612899548,362.6265600564415
707.7748932844295,364.0233928402447
708.0948727068478,366.2931473171448
708.4147995469868,366.47232273360675
708.734673794625,366.815546660009
709.0544954395393,368.76364337644327
709.3742644715071,369.301200256839
709.6939808803049,367.8907884293337
710.0136446557099,365.17375154459694
710.3332557875,363.0461785178577
710.652814265452,362.93386360564955
710.9723200793437,362.7022820166817
711.2917732189524,362.55379068935406
711.6111736740537,363.1518425435173
711.9305214344272,363.7497062085593
712.2498164898482,364.2723526956828
712.5690588300954,364.60815553604056
712.8882484449455,364.8020802104337
713.2073853241747,366.41426707734917
713.5264694575618,366.74968161001414
713.8455008348833,365.52537520265446
714.164479445917,366.3018833688489
714.4834052804393,367.15996942104636
714.8022783282272,367.33892983170256
715.1210985790598,366.74181950599296
715.4398660227124,365.8389054168706
715.7585806489628,366.6232867530338
716.0772424475889,368.3775312914238
716.3958514083674,367.49609622675354
716.7144075210749,366.75698443196825
717.0329107754901,366.0622242495125
717.351361161389,363.90425118392363
717.6697586685497,363.51609168828236
717.9881032867489,363.8373587574644
718.3063950057641,364.5163050289201
718.6246338153724,364.28426699918174
718.9428197053511,363.769092363787
719.2609526654774,363.18706532689686
719.5790326855279,362.77735290168806
719.8970597552815,363.8980318949149
720.2150338645138,365.40662356939737
720.5329550030033,367.4819955541793
720.850823160526,367.95937489727226
721.1686383268602,367.27214374006024
721.4864004917819,365.7038218589921
721.8041096450702,364.5984425563127
722.1217657765009,363.9412505328503
722.4393688758514,363.7024934544088
722.756918932899,365.471789783138
723.074415937422,365.2847463940612
723.3918598791956,364.1871601820864
723.7092507479991,363.1875616327284
724.0265885336086,361.2621478971942
724.3438732258016,359.85116723810427
724.661104814355,359.7099683220547
724.9782832890468,360.7710796667585
725.2954086396533,361.99599409796167
725.6124808559526,363.362088467349
725.9294999277221,363.8992887025628
726.2464658447373,363.9063325826722
726.5633785967772,365.41392713961216
726.8802381736187,367.3471777764441
727.197044565039,369.46771358093036
727.5137977608154,370.4162275496564
727.8304977507246,371.6106115224911
728.1471445245438,372.8349619665773
728.4637380720507,371.62538457296114
728.7802783830228,370.2670192025121
729.096765447237,369.2073503044728
729.4131992544703,367.92375687183915
729.7295797945006,366.3342644240506
730.0459070571046,364.7890092099193
730.3621810320589,364.6169383318498
730.6784017091427,366.16193826707126
730.9945690781313,365.7812994395817
731.3106831288026,363.2423064177362
731.6267438509344,362.33792505331985
731.9427512343032,361.57623515171167
732.2587052686866,361.4342789814226
732.574605943862,363.06169437436205
732.8904532496058,364.0174067976533
733.2062471756963,363.7115228669181
733.5219877119102,360.9413542250112
733.8376748480243,358.0817530484753
734.1533085738173,357.2231486673196
734.4688888790647,358.21630159769273
734.7844157535453,361.2405062365697
735.099889187035,362.9724553018
735.4153091693116,362.68134420023625
735.7306756901527,361.7700631107439
736.0459887393353,362.1276037371701
736.361248306636,362.5746040011692
736.6764543818334,363.313055356984
736.9916069547033,364.6191667167381
737.306706015024,365.43261560448593
737.6217515525716,365.8059586073591
737.9367435571244,364.14840153571447
738.2516820184596,362.64772790728745
738.5665669263543,362.49838339424343
738.8813982705851,362.38692255767114
739.1961760409301,361.4394521483422
739.5109002271657,360.9251623603747
739.8255708190699,361.19498804264936
740.1401878064194,360.9119081614335
740.454751178992,361.00920082311245
740.7692609265649,361.4351563961691
741.0837170389145,361.2861367460813
741.3981195058187,361.97259347640636
741.7124683170549,363.0474355335073
742.0267634623998,364.3539660154169
742.3410049316315,365.63792144359763
742.6551927145264,366.1382026714465
742.9693268008615,366.8698380660085
743.2834071804153,368.75806157738896
743.597433842964,369.1832948242074
743.9114067782849,368.5035870759196
744.2253259761562,369.4811392995784
744.5391914263532,369.2947755800296
744.8530031186559,367.9437737606071
745.1667610428391,366.6895089293107
745.4804651886808,364.97212665249333
745.794115545959,364.2174954234499
746.1077121044495,363.9187159202749
746.421254853931,362.3587315548441
746.7347437841801,361.9928796575081
747.048178884974,362.3886466122057
747.36156014609,362.0453181297219
747.6748875573053,362.03775522971415
747.9881611083978,362.48558444052185
748.3013807891434,361.6119732306905
748.6145465893203,360.9925729989946
748.9276584987055,361.52309826967604
749.2407165070761,362.6283368817079
749.5537206042095,363.2928382971145
749.8666707798825,362.6731991927304
750.1795670238736,362.2775585446153
750.4924093259592,361.35244048025726
750.805197675916,360.70352870037823
751.1179320635221,360.823163958021
751.4306124785544,363.33183644790597
751.7432389107903,365.3030400765676
752.0558113500066,364.0562937932779
752.3683297859808,361.6293085032566
752.6807942084907,361.00174628877704
752.9932046073131,361.58418201568054
753.305560972225,361.9201206808948
753.6178632930037,362.6065966501181
753.9301115594262,363.46497825200987
754.2423057612706,364.5474859386172
754.5544458883138,363.5617302480875
754.8665319303326,362.3892994973373
755.1785638771048,364.1584455729202
755.490541718407,366.6818846106129
755.8024654440173,366.9140061903584
756.114335043712,367.0711125539302
756.4261505072685,367.1008294502524
756.7379118244647,365.9511324866659
757.0496189850782,364.33075178479226
757.361271978885,362.112905753696
757.6728707956626,361.1270873976799
757.9844154251883,361.0596953212235
758.29590585724,360.58154223803905
758.6073420815951,359.49892821873095
758.9187240880292,358.72992862487405
759.2300518663212,358.8270991915453
759.5413254062476,358.3795163939367
759.8525446975854,359.35725848941513
760.1637097301121,361.59636017112103
760.4748204936058,363.64170353537924
760.7858769778427,366.8893173650343
761.0968791725995,369.0243475597048
761.407827067655,368.84502889423146
761.7187206527857,368.51664908884845
762.0295599177693,368.5764171562262
762.3403448523821,367.18746923142146
762.6510754464016,366.69428815277774
762.9617516896053,367.1424555865841
763.2723735717706,365.81422101909993
763.582941082675,364.47832009362315
763.893454212095,362.8512532753024
764.2039129498079,361.4705542638024
764.5143172855913,361.3364286968238
764.8246672092223,361.90388172836896
765.1349627104778,361.5381717022012
765.445203779136,361.0527735454152
765.7553904049731,361.50030338489404
766.0655225777668,361.29869146435556
766.3756002872947,362.32164072727244
766.6856235233337,362.4112036484353
766.9955922756612,360.5670035502922
767.3055065340537,360.89561413481243
767.6153662882894,361.7920884304593
767.9251715281443,361.68813440278336
768.2349222433969,362.37534396562376
768.5446184238245,363.0406539290999
768.8542600592032,363.48961299757855
769.1638471393112,364.19156839390223
769.4733796539258,364.34071928792304
769.7828575928235,365.0872609022347
770.0922809457824,365.8038113427628
770.4016497025785,366.30343489042366
770.7109638529905,366.6763173481748
771.0202233867944,367.65398622632694
771.329428293768,369.69162699765593
771.6385785636886,371.63229866868977
771.9476741863341,371.4228914348466
772.25671515148,368.817045393221
772.5657014489047,366.860495102273
772.8746330683861,366.0692163974832
773.1835099997002,366.09976219845413
773.4923322326247,364.51760027900224
773.8010997569364,362.8307697596721
774.1098125624136,361.2706768167613
774.4184706388327,358.53808709005733
774.7270739759703,356.3803944495271
775.0356225636058,356.3060346341288
775.3441163915141,359.1805462530376
775.6525554494743,361.3314963463167
775.960939727262,362.3474280767287
776.2692692146558,362.713306785792
776.5775439014324,362.0862516343338
776.8857637773689,362.4140216181957
777.1939288322427,363.6002131488212
777.502039055831,364.7793006487095
777.8100944379111,365.53286813576005
778.1180949682602,365.6816194672466
778.4260406366556,364.4270861366441
778.7339314328744,362.88144008085317
779.0417673466941,361.7608434870966
779.349548367891,360.10252634718427
779.6572744862441,359.54937405539596
779.9649456915289,359.4972285311257
780.2725619735243,358.94527137856244
780.5801233220059,359.482745876234
780.8876297267519,361.5059229440802
781.1950811775388,363.4920407201712
781.5024776641453,364.81361531919237
781.8098191763471,364.8357909865001
782.1171057039215,364.6047028815659
782.4243372366473,366.0762933385595
782.7315137643002,367.9881332733503
783.0386352766583,368.73473472124965
783.3457017634979,368.5107028051225
783.652713214598,368.0191916981679
783.9596696197334,367.01920893077533
784.266570968683,365.48097577145666
784.573417251224,364.9958525792386
784.880208457133,365.73506407548405
785.1869445761878,366.3321111298393
785.493625598166,367.0481465084534
785.8002515128429,366.6594275542657
786.1068223099977,365.4948485057639
786.4133379794074,364.8754857524818
786.7197985108486,364.03119973765
787.0262038940983,362.89609725876653
787.332554118935,362.3738831449649
787.6388491751349,361.68654138209246
787.945089052475,362.10347379851044
788.2512737407341,362.63254839366584
788.5574032296878,361.3337567910511
788.8634775091139,360.9387768837808
789.1694965687894,362.6409214562407
789.4754603984926,364.066699071441
789.781368987999,363.6866413614609
790.0872223270876,363.50081529845403
790.3930204055346,362.3213237138956
790.6987632131173,361.23219669238864
791.0044507396141,360.3826528977674
791.3100829748001,358.435416389465
791.6156599084547,357.17409477618605
791.9211815303534,356.5319431108737
792.2266478302741,355.52433718670744
792.5320587979949,355.00920897467904
792.8374144232916,356.00892224538603
793.1427146959429,357.07577097004474
793.4479596057246,358.2327006469872
793.7531491424147,357.7392517523185
794.0582832957903,357.4027819809396
794.3633620556288,358.6793126243549
794.6683854117075,360.3666118811398
794.9733533538036,361.0160916830076
795.2782658716937,359.59697827510666
795.5831229551565,358.14041809199387
795.8879245939675,357.52045485834196
796.1926707779044,357.2744251460565
796.4973614967456,357.0954580300283
796.8019967402671,358.3274824426764
797.1065764982468,358.52934593801433
797.411100760462,358.8205756672737
797.715569516689,358.3499529165309
798.0199827567054,357.6250947693996
798.3243404702897,359.2751108323915
798.6286426472178,361.06752206684325
798.9328892772669,361.68030445052506
799.2370803502149,361.11321377768047
799.5412158558394,361.4714182358082
799.8452957839164,361.39693041449704
800.1493201242242,361.50135824221013
800.4532888665386,362.1878854611657
800.7572020006392,362.6660261189002
801.0610595163015,364.13011014429645
801.3648614033027,364.4144017190113
801.6686076514211,363.9518372298321
801.9722982504323,364.64632980146143
802.2759331901159,364.5793025162515
802.5795124602467,364.11666200593817
802.8830360506037,364.36311354093635
803.1865039509631,364.50489901753826
803.4899161511034,363.41495639338746
803.7932726408,363.95217362933306
804.0965734098316,363.40670400449335
804.3998184479749,361.62974949779095
804.7030077450071,361.0474277074467
805.0061412907054,359.0613483849381
805.3092190748471,358.3814604610791
805.6122410872102,358.4186435559826
805.9152073175705,359.0084315294682
806.2181177557067,359.9940513848034
806.5209723913946,360.0389655307547
806.8237712144129,359.0681957108778
807.1265142145381,358.9190913251575
807.4292013815468,358.88948302861604
807.7318327052177,359.1879650324265
808.0344081753266,361.60647656283146
808.3369277816522,362.71111540486817
808.6393915139702,362.3298554032115
808.9417993620588,361.411362870955
809.2441513156951,360.70984455489145
809.5464473646557,361.51634229041076
809.8486874987192,362.03917601794075
810.1508717076615,362.6955951462944
810.4529999812607,364.6132825962134
810.7550723092937,365.58364121860285
811.0570886815382,365.15028721197314
811.3590490877704,365.7323034101997
811.6609535177685,366.3080730156009
811.9628019613087,365.94248799316654
812.2645944081701,365.50109812940735
812.5663308481276,364.059305594454
812.8680112709606,363.7082228997213
813.169635666445,363.26835932448967
813.4712040243577,361.8280677280181
813.7727163344773,361.24563965481246
814.0741725865807,360.8877758058209
814.3755727704445,360.4854386507598
814.6769168758459,360.5299091889833
814.9782048925629,360.52995017258746
815.2794368103728,360.09010550998505
815.5806126190513,360.8147034809097
815.8817323083772,361.05380760224523
816.1827958681279,360.86709784187747
816.4838032880797,362.6665352727227
816.7847545580098,363.86152578324555
817.0856496676956,363.7644864930141
817.3864886069151,363.86884910502897
817.6872713654449,364.1675266020372
817.987997933062,365.2797866483989
818.2886682995447,366.5560262357538
818.5892824546686,366.6229035307442
818.8898403882123,366.21179477501545
819.1903420899527,366.34566334095814
819.4907875496667,365.7334101735093
819.7911767571317,365.5395925002316
820.0915097021258,365.5698085981543
820.3917863744246,364.30824769077424
820.692006763806,363.7783909499249
820.9921708600484,362.7849880358978
821.2922786529273,361.82873082973595
821.5923301322215,361.0074644059474
821.8923252877064,360.7764225005428
822.1922641091608,360.91887138432173
822.4921465863612,359.530395390646
822.7919727090854,357.618988346028
823.0917424671103,357.99189231237085
823.3914558502131,360.5293782293472
823.6911128481713,361.051498947824
823.9907134507615,360.80552217478174
824.2902576477625,360.13448122115494
824.5897454289495,360.22489558324605
824.8891767841011,361.42700144229923
825.1885517029934,361.9714668253033
825.4878701754045,361.6123833196567
825.7871321911119,360.6939287823503
826.0863377398925,358.62638781604903
826.3854868115234,355.8425016403573
826.6845793957821,355.3054140872636
826.9836154824458,356.7614971039775
827.2825950612911,358.9192300423109
827.5815181220953,359.71803564834363
827.8803846546365,359.7403589823174
828.1791946486921,359.76292987215646
828.4779480940381,360.39072604063824
828.7766449804528,362.44377934088556
829.0752852977132,364.8923041063621
829.3738690355964,365.9599164824038
829.6723961838794,365.8026411541737
829.9708667323391,365.5187474837561
830.2692806707543,364.1600558274693
830.5676379889007,364.83879406552336
830.865938676556,365.7493353637914
831.1641827234978,364.59999402819824
831.4623701195032,364.7346550129247
831.760500854349,363.7866986294216
832.0585749178133,361.5618316405646
832.3565922996728,361.3970563081532
832.6545529897045,362.15837013075145
832.9524569776856,362.09138929724895
833.2503042533938,360.9642298617266
833.5480948066064,358.5907853384516
833.8458286271,355.9781628031393
834.1435057046526,356.19425109414146
834.4411260290414,357.9555455401843
834.7386895900421,359.79155674190037
835.0361963774343,361.06818393455444
835.333646380994,360.4418283983355
835.6310395904986,358.3143765955487
835.928375995725,357.27619888907066
836.2256555864512,359.91853064287693
836.5228783524541,362.635254801356
836.8200442835098,363.6723761984665
837.1171533693976,362.821211023996
837.414205599893,361.04468680886777
837.7112009647739,359.6565387263288
838.0081394538189,358.72361000643554
838.305021056803,359.4028966198867
838.6018457635039,361.50851172266266
838.8986135637002,362.47938328705754
839.1953244471676,361.63556552509937
839.4919784036845,359.74694532376657
839.7885754230268,358.35089031379584
840.0851154949738,358.52930113093794
840.381598609301,358.2229265821527
840.6780247557857,357.730277656308
840.9743939242068,357.84938940000313
841.2707061043387,357.4609023230612
841.5669612859617,356.83363880237135
841.8631594588512,355.7281486546487
842.1593006127844,354.7798961533097
842.4553847375395,355.5417004464449
842.7514118228935,356.13929554565266
843.047381858623,356.58091732810254
843.3432948345055,356.8799723423394
843.6391507403189,356.0880714040714
843.9349495658392,355.4758885162261
844.2306913008449,356.15557302315125
844.526375935113,356.32706725836755
844.8220034584195,355.4982240176143
845.1175738605436,354.8863325801935
845.4130871312611,354.8787470288779
845.7085432603493,356.07302424500676
846.0039422375864,355.3631927026126
846.2992840527492,354.0560318333054
846.5945686956144,354.3024545568636
846.8897961559594,354.10800311300494
847.1849664235617,353.2783922008448
847.4800794881992,352.75540324344627
847.7751353396483,353.62918952373366
848.0701339676856,354.13711063877844
848.3650753620898,353.5851021640271
848.6599595126374,353.04073401459965
848.9547864091057,354.04201151933535
849.249556041272,356.8344084499221
849.5442683989133,359.40213593227105
849.8389234718073,360.4625195874912
850.133521249731,360.83626492471484
850.4280617224616,361.0978615040182
850.7225448797765,360.6275285403752
851.0169707114526,360.5004199080141
851.3113392072679,361.418591126406
851.6056503569982,361.76957380699594
851.8999041504227,362.41096841948934
852.1941005773167,361.6864042791932
852.4882396274586,359.6785198150703
852.7823212906256,360.843386228928
853.0763455565941,361.41864761130927
853.3703124151419,361.26239504467037
853.6642218560468,362.75612192438194
853.9580738690859,363.2562214278808
854.2518684440362,361.85935667389384
854.5456055706742,361.6424581848623
854.8392852387772,362.3894211755898
855.1329074381232,362.598956538331
855.4264721584899,363.9730818070453
855.7199793896541,364.3167541530117
856.0134291213924,364.398297656333
856.3068213434819,365.29317726329884
856.6001560457009,365.91933093782677
856.8934332178267,366.73280724253254
857.1866528496355,367.6959886428592
857.4798149309047,367.47931122594105
857.7729194514122,365.6576725315857
858.0659664009348,363.95526103164514
858.3589557692501,363.40986347756507
858.651887546135,363.8274862342564
858.9447617213666,364.18537553084974
859.2375782847228,363.9766797495509
859.5303372259802,362.48399763860573
859.8230385349161,359.97570118923585
860.1156822013075,358.4831082479551
860.4082682149331,358.0505118057434
860.7007965655687,357.85628215335726
860.9932672429916,358.9835315694804
861.2856802369791,357.7663380301407
861.5780355373097,354.47383979504013
861.8703331337587,352.809742856474
862.1625730161052,352.24289094525756
862.454755174125,352.98247748515894
862.7468795975959,353.50558557869977
863.0389462762954,354.4906537778791
863.3309551999997,356.55054203795345
863.6229063584873,357.7524995500305
863.914799741535,356.1324567945806
864.2066353389203,354.85572358767655
864.4984131404196,354.99732843869714
864.7901331358113,354.4742304789859
865.081795314871,353.4880352918204
865.3733996673776,352.0690922177002
865.6649461831075,351.7475580805634
865.9564348518381,350.4333000359974
866.2478656633468,347.73099626964955
866.5392386074107,347.05934783849716
866.8305536738075,348.88184610784594
867.1218108523133,351.28674228527103
867.4130101327062,353.25067879701993
867.7041515047637,353.9602667968451
867.995234958262,354.31169785735204
868.2862604829791,354.2965322497463
868.5772280686922,355.3942191210355
868.8681377051786,356.93297265321837
869.1589893822149,356.7164234076008
869.4497830895796,357.29824486823543
869.7405188170487,358.48498419028385
870.0311965544,357.47663883067196
870.3218162914106,356.30385729276696
870.6123780178581,357.8492079358699
870.902881723519,359.28296387062403
871.1933273981707,360.06761036311974
871.4837150315913,359.86621467634143
871.7740446135574,359.2760185161024
872.0643161338464,360.3735619793802
872.3545295822353,360.508456238629
872.6446849485013,359.38830236831217
872.9347822224223,359.94783690910907
873.2248213937744,359.6791038812674
873.5148024523356,357.49899073453304
873.8047253878833,356.3414335833925
874.0945901901945,356.42289185404695
874.384396849047,356.7733903870631
874.6741453542165,356.6316194344489
874.9638356954817,355.7206487410159
875.2534678626192,354.1969916059081
875.5430418454065,352.972277589104
875.8325576336208,334.6989022238063
876.122015217039,299.54831409578736
876.4114145854385,264.71834829235075
876.7007557285975,229.2311170128961
876.9900386362917,193.4007995011185
